{"RuleTriggered": 0, "Violations": 0, "Details": {"pin_memory": false, "num_workers": 0, "cores": 4, "dataloaders": 1, "dataloading_time": {"p25": 2.92659, "p50": 2.92659, "p95": 2.92659, "probs": [0, 0, 0, 0, 0, 0, 0, 0, 0, 0, 0, 0, 0, 0, 0, 0, 0, 0, 0, 0, 0, 0, 0, 0, 0, 0, 0, 0, 0, 0, 0, 0, 0, 0, 0, 0, 0, 0, 0, 0, 0, 0, 0, 0, 0, 0, 0, 0, 0, 0, 1, 0, 0, 0, 0, 0, 0, 0, 0, 0, 0, 0, 0, 0, 0, 0, 0, 0, 0, 0, 0, 0, 0, 0, 0, 0, 0, 0, 0, 0, 0, 0, 0, 0, 0, 0, 0, 0, 0, 0, 0, 0, 0, 0, 0, 0, 0, 0, 0, 0], "binedges": [2.42659, 2.43659, 2.44659, 2.45659, 2.46659, 2.47659, 2.48659, 2.49659, 2.50659, 2.51659, 2.52659, 2.53659, 2.54659, 2.55659, 2.56659, 2.57659, 2.58659, 2.59659, 2.60659, 2.61659, 2.62659, 2.63659, 2.64659, 2.65659, 2.6665900000000002, 2.67659, 2.68659, 2.69659, 2.7065900000000003, 2.71659, 2.72659, 2.73659, 2.74659, 2.75659, 2.76659, 2.77659, 2.78659, 2.79659, 2.80659, 2.81659, 2.82659, 2.83659, 2.84659, 2.85659, 2.86659, 2.87659, 2.88659, 2.89659, 2.90659, 2.9165900000000002, 2.92659, 2.93659, 2.94659, 2.9565900000000003, 2.96659, 2.97659, 2.98659, 2.9965900000000003, 3.00659, 3.01659, 3.02659, 3.03659, 3.04659, 3.05659, 3.06659, 3.07659, 3.08659, 3.09659, 3.10659, 3.11659, 3.12659, 3.13659, 3.1465899999999998, 3.15659, 3.1665900000000002, 3.17659, 3.18659, 3.19659, 3.2065900000000003, 3.21659, 3.22659, 3.23659, 3.2465900000000003, 3.25659, 3.26659, 3.27659, 3.28659, 3.29659, 3.30659, 3.31659, 3.32659, 3.33659, 3.34659, 3.35659, 3.36659, 3.37659, 3.38659, 3.3965899999999998, 3.40659, 3.4165900000000002, 3.42659]}}, "Datapoints": 1, "RuleParameters": "min_threshold:70\nmax_threshold:200"}