{"RuleTriggered": 0, "Violations": 0, "Details": {"step_num": {"first": 1701810586848647, "last": 1701811049328720}, "job_start": 1701810488.00044, "job_end": 1701811079.501419}, "Datapoints": 18, "RuleParameters": "threshold:20"}