{"RuleTriggered": 0, "Violations": 0, "Details": {"ratio": {"cpu_functions": 100.0}, "phase": {"Step:ModeKeys.TRAIN": 66.12504931680198, "others": -10.428988315893523, "Step:ModeKeys.EVAL": 44.30393899909155}, "phase_time": {}, "CPU": {"aten::conv2d": 18.38618017627393, "aten::convolution": 18.385756267466572, "aten::_convolution": 18.38552060290926, "aten::mkldnn_convolution": 18.384966647501674, "aten::batch_norm": 7.6903746791998255, "aten::_batch_norm_impl_index": 7.689984539399155, "aten::native_batch_norm": 7.689442079823639, "enumerate(DataLoader)#_SingleProcessDataLoaderIter.__next__": 3.3877750074259487}, "CPU_total": {"aten::conv2d": 25590047, "aten::convolution": 25589457, "aten::_convolution": 25589129, "aten::mkldnn_convolution": 25588358, "aten::batch_norm": 10703531, "aten::_batch_norm_impl_index": 10702988, "aten::native_batch_norm": 10702233, "enumerate(DataLoader)#_SingleProcessDataLoaderIter.__next__": 4715135}, "general": {"DataLoaderIterInitialize": 0.00012723441143798855, "DataLoaderIter": 0.37765005696785275, "Forward": 99.62222270862071}}, "Datapoints": 0, "RuleParameters": ""}